{
    "confidence": [
        0.08763213198954833,
        0.08761749516361282,
        0.08760629810493752,
        0.08754322731119235,
        0.08768282737744416,
        0.0875289433419482,
        0.08766608403779849,
        0.0880123457116424,
        0.08759415728261882,
        0.08770041905218932
    ],
    "stock_count": [
        3771,
        2883,
        3297,
        2039,
        3200,
        2860,
        4590,
        3082,
        3196,
        3447
    ],
    "average_reward": [
        0.01341802133962144,
        0.0027400238639738953,
        0.008236499183185475,
        -0.013383488345667492,
        0.007119060432481511,
        0.0023108649266440295,
        0.020398100248120585,
        0.005920799375433327,
        0.006979990728757308,
        0.010076759803323761
    ],
    "iteration": 32364,
    "last_close": [
        1450.199951171875,
        2374.800048828125,
        211.9499969482422,
        1403.800048828125,
        6771.2001953125,
        103.4499969482422,
        1991.800048828125,
        608.0,
        3245.0,
        6814.0
    ]
}